A;IMG_0001.jpg;SCHIEGL;2019;Acryl;Titel;40 x 50 cm;-
A;IMG_0002.jpg;SCHIEGL;2019;Acryl;Titel;40 x 50 cm;-
A;IMG_0003.jpg;SCHIEGL;2011;Acryl;Titel;40 x 50 cm;-
A;IMG_0004.jpg;SCHIEGL;2017;Acryl;Schmetterlingsfrau;70 x 100 cm;-
A;IMG_0005.jpg;SCHIEGL;2019;Acryl;Titel;40 x 50 cm;-
A;IMG_0006.jpg;SCHIEGL;2019;Acryl;Titel;40 x 50 cm;-
A;IMG_0007.jpg;SCHIEGL;2014;Acryl;Titel;40 x 50 cm;-
A;IMG_0008.jpg;SCHIEGL;2019;Acryl;Titel;40 x 50 cm;-
A;IMG_0009.jpg;SCHIEGL;2019;Acryl;Titel;40 x 50 cm;-
A;IMG_0326.jpg;SCHIEGL;2019;Acryl;Titel;40 x 50 cm;-
A;IMG_0327.jpg;SCHIEGL;2019;Acryl;Titel;40 x 50 cm;-
A;IMG_0328.jpg;SCHIEGL;2010;Acryl;Titel;40 x 50 cm;-
A;IMG_0329.jpg;SCHIEGL;2019;Acryl;Titel;40 x 50 cm;-
A;IMG_0330.jpg;SCHIEGL;2019;Acryl;Why;60 x 50 cm;-
A;IMG_0331.jpg;SCHIEGL;2017;Acryl;Titel;40 x 50 cm;-
A;IMG_0332.jpg;SCHIEGL;2019;Acryl;Titel;40 x 50 cm;-
A;IMG_0333.jpg;SCHIEGL;2019;Acryl;Titel;40 x 50 cm;-
D;IMG_0334.jpg;SCHIEGL;2010;Acryl;asdasdasdasda asd asd asd asdadsad;40 x 50 cm;-
A;IMG_0335.jpg;SCHIEGL;2008;Acryl;Titel;40 x 50 cm;-
A;IMG_0336.jpg;SCHIEGL;2005;Acryl;Titel;40 x 50 cm;-
B;IMG_0337.jpg;SCHIEGL;2019;Acryl;Titel;40 x 50 cm;-
A;IMG_0338.jpg;SCHIEGL;2019;Acryl;Titel;40 x 50 cm;-
A;IMG_0339.jpg;SCHIEGL;2015;Acryl;Titel;40 x 50 cm;-
A;IMG_0340.jpg;SCHIEGL;2015;Acryl;Titel;40 x 50 cm;-
A;IMG_0341.jpg;SCHIEGL;2015;Acryl;Titel;40 x 50 cm;-
B;IMG_0342.jpg;SCHIEGL;2014;Acryl;Titel;40 x 50 cm;-
B;IMG_0343.jpg;SCHIEGL;2015;Acryl;Titel;40 x 50 cm;-
C;IMG_0344.jpg;SCHIEGL;2015;Acryl;Titel;40 x 50 cm;-
C;IMG_0345.jpg;SCHIEGL;2015;Acryl;Titel;40 x 50 cm;-
C;IMG_0346.jpg;SCHIEGL;2016;Acryl;Titel;40 x 50 cm;-
D;IMG_0348.jpg;SCHIEGL;2015;Acryl;Titel;40 x 50 cm;-
D;IMG_0349.jpg;SCHIEGL;2019;Acryl;Titel;40 x 50 cm;-
D;IMG_0350.jpg;SCHIEGL;2019;Acryl;Titel;40 x 50 cm;-
D;IMG_0351.jpg;SCHIEGL;2019;Acryl;Titel;40 x 50 cm;-
D;IMG_0352.jpg;SCHIEGL;2019;Acryl;Titel;40 x 50 cm;-
D;IMG_0353.jpg;SCHIEGL;2018;Acryl;Titel;40 x 50 cm;-
D;IMG_0354.jpg;SCHIEGL;2019;Acryl;Titel;40 x 50 cm;-
D;IMG_0355.jpg;SCHIEGL;2019;Acryl;Titel;40 x 50 cm;-
D;IMG_0356.jpg;SCHIEGL;2020;Acryl;Titel;40 x 50 cm;-
D;IMG_0357.jpg;SCHIEGL;2019;Acryl;Titel;40 x 50 cm;-
D;IMG_0358.jpg;SCHIEGL;2013;Acryl;Titel;40 x 50 cm;-
D;IMG_0359.jpg;SCHIEGL;2019;Acryl;Titel;40 x 50 cm;-
D;IMG_0360.jpg;SCHIEGL;2019;Acryl;Titel;40 x 50 cm;-
D;IMG_0361.jpg;SCHIEGL;2019;Acryl;Titel;40 x 50 cm;-
D;IMG_0362.jpg;SCHIEGL;2019;Acryl;Titel;40 x 50 cm;-
B;IMG_0363.jpg;SCHIEGL;2019;Acryl;Titel;40 x 50 cm;-
B;IMG_0364.jpg;SCHIEGL;2019;Acryl;Titel;40 x 50 cm;-
B;IMG_0365.jpg;SCHIEGL;2019;Acryl;Titel;40 x 50 cm;-
B;IMG_0366.jpg;SCHIEGL;2019;Acryl;Titel;40 x 50 cm;-
B;IMG_0367.jpg;SCHIEGL;2019;Acryl;Titel;40 x 50 cm;-
B;IMG_0368.jpg;SCHIEGL;2019;Acryl;Titel;40 x 50 cm;-
B;IMG_0369.jpg;SCHIEGL;2019;Acryl;Titel;40 x 50 cm;-
C;IMG_0370.jpg;SCHIEGL;2019;Acryl;Titel;40 x 50 cm;-
D;IMG_0371.jpg;SCHIEGL;2019;Acryl;Titel;40 x 50 cm;-
C;IMG_0372.jpg;SCHIEGL;2019;Acryl;Titel;40 x 50 cm;-
C;IMG_0373.jpg;SCHIEGL;2019;Acryl;Titel;40 x 50 cm;-
C;IMG_0374.jpg;SCHIEGL;2019;Acryl;Titel;40 x 50 cm;-
D;IMG_0375.jpg;SCHIEGL;2017;Acryl;Titel;40 x 50 cm;-
C;IMG_0376.jpg;SCHIEGL;2019;Acryl;Titel;40 x 50 cm;-
D;IMG_0377.jpg;SCHIEGL;2019;Acryl;Titel;40 x 50 cm;-
D;IMG_0378.jpg;SCHIEGL;2019;Acryl;Titel;40 x 50 cm;-
D;IMG_0379.jpg;SCHIEGL;2019;Acryl;Titel;40 x 50 cm;-
D;IMG_0380.jpg;SCHIEGL;2019;Acryl;Titel;40 x 50 cm;-
D;IMG_0381.jpg;SCHIEGL;2018;Acryl;Titel;40 x 50 cm;-
D;IMG_0382.jpg;SCHIEGL;2019;Acryl;Titel;40 x 50 cm;-
D;IMG_0383.jpg;SCHIEGL;2019;Acryl;Titel;40 x 50 cm;-
A;IMG_0060.jpg;SCHIEGL;2019;Acryl;Titel;40 x 50 cm;-
A;IMG_0062.jpg;SCHIEGL;2011;Acryl;Titel;40 x 50 cm;-
A;IMG_0961.jpg;SCHIEGL;2019;Acryl;Titel;40 x 50 cm;-
A;IMG_0149.jpg;SCHIEGL;2011;Acryl;Titel;40 x 50 cm;-
C;IMG_0413.jpg;SCHIEGL;2019;Acryl;Titel;40 x 50 cm;-
D;IMG_0441.jpg;SCHIEGL;2003;Acryl;Titel;40 x 50 cm;-
D;IMG_0442.jpg;SCHIEGL;2014;Acryl;Titel;40 x 50 cm;-
A;IMG_0443.jpg;SCHIEGL;2020;Acryl;Titel;40 x 50 cm;-
A;IMG_0444.jpg;SCHIEGL;2020;Acryl;Titel;40 x 50 cm;-
C;IMG_0445.jpg;SCHIEGL;2019;Acryl;Titel;40 x 50 cm;-
